title,link,published
[P] Graph Representation Learning Help,https://www.reddit.com/r/MachineLearning/comments/1r2gpz6/p_graph_representation_learning_help/,2026-02-12T01:58:21+00:00
[R] what are some important research areas for AI safety?,https://www.reddit.com/r/MachineLearning/comments/1r2f1tg/r_what_are_some_important_research_areas_for_ai/,2026-02-12T00:42:49+00:00
[P]Building an End-to-End Music Genre Classifier: My first deep dive into Audio Processing and ML.,https://www.reddit.com/r/MachineLearning/comments/1r2dtkr/pbuilding_an_endtoend_music_genre_classifier_my/,2026-02-11T23:50:34+00:00
[R] ICLR: Guess which peer review is human or AI?,https://www.reddit.com/r/MachineLearning/comments/1r28sy7/r_iclr_guess_which_peer_review_is_human_or_ai/,2026-02-11T20:35:15+00:00
"[R] Update: Frontier LLMs' Willingness to Persuade on Harmful Topics—GPT & Claude Improved, Gemini Regressed",https://www.reddit.com/r/MachineLearning/comments/1r216b4/r_update_frontier_llms_willingness_to_persuade_on/,2026-02-11T15:58:59+00:00
"[R] I probed 6 open-weight LLMs (7B-9B) for ""personality"" using hidden states — instruct fine-tuning is associated with measurable behavioral constraints",https://www.reddit.com/r/MachineLearning/comments/1r1w34h/r_i_probed_6_openweight_llms_7b9b_for_personality/,2026-02-11T12:29:31+00:00
[R] I accidentally built a dataloader 10x faster than PyTorch's and I'm still processing this,https://www.reddit.com/r/MachineLearning/comments/1r1t2ig/r_i_accidentally_built_a_dataloader_10x_faster/,2026-02-11T09:41:55+00:00
"[R] I am looking for good research papers on compute optimization during model training, ways to reduce FLOPs, memory usage, and training time without hurting convergence.",https://www.reddit.com/r/MachineLearning/comments/1r1pr3c/r_i_am_looking_for_good_research_papers_on/,2026-02-11T06:19:55+00:00
[P] Comparing Mamba (SSM) vs. LSTM for Signal Recovery in Noisy Market Microstructure,https://www.reddit.com/r/MachineLearning/comments/1r1dsyt/p_comparing_mamba_ssm_vs_lstm_for_signal_recovery/,2026-02-10T21:28:46+00:00
"[R] The Post-Transformer Era: State Space Models, Mamba, and What Comes After Attention",https://www.reddit.com/r/MachineLearning/comments/1r19jnu/r_the_posttransformer_era_state_space_models/,2026-02-10T18:54:59+00:00
[R] LLaDA2.1 vs Qwen3 30B A3B: Benchmarking discrete diffusion LLMs against autoregressive MoE models,https://www.reddit.com/r/MachineLearning/comments/1r1694q/r_llada21_vs_qwen3_30b_a3b_benchmarking_discrete/,2026-02-10T16:58:09+00:00
[P] Software archaeology: a 2018 ML config system that independently evolved Hydra-like patterns,https://www.reddit.com/r/MachineLearning/comments/1r1511k/p_software_archaeology_a_2018_ml_config_system/,2026-02-10T16:14:00+00:00
[P] My notes for The Elements of Statistical Learning,https://www.reddit.com/r/MachineLearning/comments/1r14z5r/p_my_notes_for_the_elements_of_statistical/,2026-02-10T16:12:05+00:00
[D] Am I wrong to think that contemporary most machine learning reseach is just noise?,https://www.reddit.com/r/MachineLearning/comments/1r12nb0/d_am_i_wrong_to_think_that_contemporary_most/,2026-02-10T14:45:41+00:00
[D] VIT16 - Should I use all or only final attention MHA to generate attention heatmap?,https://www.reddit.com/r/MachineLearning/comments/1r11wvl/d_vit16_should_i_use_all_or_only_final_attention/,2026-02-10T14:16:41+00:00
[R] Seeking feedback on research into second order corrections in transformer like NL tasks.,https://www.reddit.com/r/MachineLearning/comments/1r11k1a/r_seeking_feedback_on_research_into_second_order/,2026-02-10T14:02:25+00:00
[D] Tired of not having Compute...,https://www.reddit.com/r/MachineLearning/comments/1r10c0b/d_tired_of_not_having_compute/,2026-02-10T13:11:19+00:00
"[R] Fast WTConv: Accelerated Implementation for ""Wavelet Convolutions for Large Receptive Fields""",https://www.reddit.com/r/MachineLearning/comments/1r0y8gq/r_fast_wtconv_accelerated_implementation_for/,2026-02-10T11:26:37+00:00
[D] For those of you who secured research scientist roles at faang in the last few years what is your profile like?,https://www.reddit.com/r/MachineLearning/comments/1r0xtzd/d_for_those_of_you_who_secured_research_scientist/,2026-02-10T11:03:45+00:00
[D] Interview for ML PhD - math related questions to expect?,https://www.reddit.com/r/MachineLearning/comments/1r0xnw2/d_interview_for_ml_phd_math_related_questions_to/,2026-02-10T10:54:08+00:00
"[D] These papers have been accepted by ICLR, NeurIPS, EMNLP, ACL, and NAACL.",https://www.reddit.com/r/MachineLearning/comments/1r0xfvh/d_these_papers_have_been_accepted_by_iclr_neurips/,2026-02-10T10:41:10+00:00
[R] On Randomness in Agentic Evals,https://www.reddit.com/r/MachineLearning/comments/1r0wpn8/r_on_randomness_in_agentic_evals/,2026-02-10T09:56:36+00:00
[D] Research Intern and SWE intern PhD positions at Google,https://www.reddit.com/r/MachineLearning/comments/1r0vpwv/d_research_intern_and_swe_intern_phd_positions_at/,2026-02-10T08:53:15+00:00
[D] Questions on the original VQ-VAE,https://www.reddit.com/r/MachineLearning/comments/1r0vmzl/d_questions_on_the_original_vqvae/,2026-02-10T08:48:05+00:00
[D] How do you track your experiments?,https://www.reddit.com/r/MachineLearning/comments/1r0uzf6/d_how_do_you_track_your_experiments/,2026-02-10T08:05:43+00:00
